<?xml version="1.0" encoding="UTF-8"?>
<!-- Copyright 2020 Binovo IT Human Project SL
     License AGPL-3.0 or later (https://www.gnu.org/licenses/agpl). -->
<odoo>
    <data>
        <record id="tbai_tax_agency_gipuzkoa" model="tbai.tax.agency">
            <field name="name">Hacienda Foral de Gipuzkoa</field>
        </record>
        <record id="tbai_tax_agency_bizkaia" model="tbai.tax.agency">
            <field name="name">Hacienda Foral de Bizkaia</field>
        </record>
        <record id="tbai_tax_agency_araba" model="tbai.tax.agency">
            <field name="name">Hacienda Foral de Araba</field>
        </record>

        <record id="tbai_tax_agency_gipuzkoa_1_1" model="tbai.tax.agency.version">
            <field name="tbai_tax_agency_id" ref="tbai_tax_agency_gipuzkoa"/>
            <field name="version">V 1.1</field>
            <field name="qr_base_url">https://tbai.egoitza.gipuzkoa.eus/qr/</field>
            <field name="date_to">2020-10-05</field>
        </record>
        <record id="tbai_tax_agency_gipuzkoa_1_2" model="tbai.tax.agency.version">
            <field name="tbai_tax_agency_id" ref="tbai_tax_agency_gipuzkoa"/>
            <field name="version">1.2</field>
            <field name="qr_base_url">https://tbai.egoitza.gipuzkoa.eus/qr/</field>
            <field name="test_rest_url_customer_invoice">https://tbai-prep.egoitza.gipuzkoa.eus/WAS/HACI/HTBRecepcionFacturasWEB/rest/recepcionFacturas/alta</field>
            <field name="test_rest_url_customer_cancellation">https://tbai-prep.egoitza.gipuzkoa.eus/WAS/HACI/HTBRecepcionFacturasWEB/rest/recepcionFacturas/anulacion</field>
        </record>

        <record id="tbai_tax_agency_bizkaia_1_1" model="tbai.tax.agency.version">
            <field name="tbai_tax_agency_id" ref="tbai_tax_agency_bizkaia"/>
            <field name="version">V 1.1</field>
            <field name="qr_base_url">https://batuz.eus/QRTBAI/</field>
            <field name="date_to">2020-10-05</field>
        </record>
        <record id="tbai_tax_agency_bizkaia_1_2" model="tbai.tax.agency.version">
            <field name="tbai_tax_agency_id" ref="tbai_tax_agency_bizkaia"/>
            <field name="version">1.2</field>
            <field name="qr_base_url">https://batuz.eus/QRTBAI/</field>
        </record>

        <record id="tbai_tax_agency_araba_1_1" model="tbai.tax.agency.version">
            <field name="tbai_tax_agency_id" ref="tbai_tax_agency_araba"/>
            <field name="version">V 1.1</field>
            <field name="qr_base_url">https://ticketbai.araba.eus/TBAI/QRTBAI</field>
            <field name="date_to">2020-10-05</field>
        </record>
        <record id="tbai_tax_agency_araba_1_2" model="tbai.tax.agency.version">
            <field name="tbai_tax_agency_id" ref="tbai_tax_agency_araba"/>
            <field name="version">1.2</field>
            <field name="qr_base_url">https://ticketbai.araba.eus/TBAI/QRTBAI</field>
        </record>
    </data>
</odoo>
